[
  {
    "type": "lvlbadge",
    "property": "level",
    "value": 0,
    "text": "First steps"
  },
  {
    "type": "lvlbadge",
    "property": "level",
    "value": 1,
    "text": "Reached the trees!"
  },
  {
    "type": "lvlbadge",
    "property": "level",
    "value": 2,
    "text": "Reached the mountains!"
  },
  {
    "type": "lvlbadge",
    "property": "level",
    "value": 3,
    "text": "Reached the clouds!"
  },
  {
    "type": "lvlbadge",
    "property": "level",
    "value": 4,
    "text": "Outer space!!"
  },
  {
    "type": "lvlbadge",
    "property": "level",
    "value": 5,
    "text": "Approaching the Moon!!!"
  },
  {
    "type": "dstbadge",
    "property": "score",
    "value": 10000,
    "text": "10 km in game"
  },
  {
    "type": "dstbadge",
    "property": "score",
    "value": 20000,
    "text": "20 km in game"
  },
  {
    "type": "dstbadge",
    "property": "score",
    "value": 40000,
    "text": "40 km in game"
  },
  {
    "type": "dstbadge",
    "property": "score",
    "value": 70000,
    "text": "60 km in game"
  },
  {
    "type": "dstbadge",
    "property": "score",
    "value": 80000,
    "text": "80 km in game"
  },
  {
    "type": "dstbadge",
    "property": "score",
    "value": 100000,
    "text": "100 km in game"
  },
  {
    "type": "dstbadge",
    "property": "score",
    "value": 120000,
    "text": "120 km in game"
  },
  {
    "type": "dstbadge",
    "property": "score",
    "value": 150000,
    "text": "150 km in game"
  },
  {
    "type": "dstbadge",
    "property": "score",
    "value": 170000,
    "text": "170 km in game"
  },
  {
    "type": "dstbadge",
    "property": "score",
    "value": 200000,
    "text": "200 km in game"
  },
  {
    "type": "dstbadge",
    "property": "score",
    "value": 250000,
    "text": "250 km in game"
  },
  {
    "type": "dstbadge",
    "property": "score",
    "value": 300000,
    "text": "300 km in game"
  },
  {
    "type": "dstbadge",
    "property": "score",
    "value": 400000,
    "text": "400 km in game"
  },
  {
    "type": "dstbadge",
    "property": "score",
    "value": 500000,
    "text": "500 km in game"
  },
  {
    "type": "dstbadge",
    "property": "totalScore",
    "value": 50000,
    "text": "50 km total"
  },
  {
    "type": "dstbadge",
    "property": "totalScore",
    "value": 70000,
    "text": "70 km total"
  },
  {
    "type": "dstbadge",
    "property": "totalScore",
    "value": 80000,
    "text": "80 km total"
  },
  {
    "type": "dstbadge",
    "property": "totalScore",
    "value": 100000,
    "text": "100 km total"
  },
  {
    "type": "dstbadge",
    "property": "totalScore",
    "value": 120000,
    "text": "120 km total"
  },
  {
    "type": "dstbadge",
    "property": "totalScore",
    "value": 150000,
    "text": "150 km total"
  },
  {
    "type": "dstbadge",
    "property": "totalScore",
    "value": 200000,
    "text": "200 km total"
  },
  {
    "type": "dstbadge",
    "property": "totalScore",
    "value": 250000,
    "text": "250 km total"
  },
  {
    "type": "dstbadge",
    "property": "totalScore",
    "value": 300000,
    "text": "300 km total"
  },
  {
    "type": "dstbadge",
    "property": "totalScore",
    "value": 400000,
    "text": "400 km total"
  },
  {
    "type": "dstbadge",
    "property": "totalScore",
    "value": 500000,
    "text": "500 km total"
  },
  {
    "type": "dstbadge",
    "property": "totalScore",
    "value": 700000,
    "text": "700 km total"
  },
  {
    "type": "dstbadge",
    "property": "totalScore",
    "value": 1000000,
    "text": "1,000 km total"
  },
  {
    "type": "gamesbadge",
    "property": "gamesPlayed",
    "value": 1,
    "text": "First game played!"
  },
  {
    "type": "gamesbadge",
    "property": "gamesPlayed",
    "value": 10,
    "text": "10 games played!"
  },
   {
    "type": "gamesbadge",
    "property": "gamesPlayed",
    "value": 20,
    "text": "20 games played!"
  },
  {
    "type": "gamesbadge",
    "property": "gamesPlayed",
    "value": 30,
    "text": "30 games played!"
  },
  {
    "type": "gamesbadge",
    "property": "gamesPlayed",
    "value": 50,
    "text": "50 games played!"
  },
  {
    "type": "gamesbadge",
    "property": "gamesPlayed",
    "value": 70,
    "text": "70 games played!"
  },
  {
    "type": "gamesbadge",
    "property": "gamesPlayed",
    "value": 100,
    "text": "100 games played!"
  },
  {
    "type": "gamesbadge",
    "property": "gamesPlayed",
    "value": 150,
    "text": "150 games played!"
  },
  {
    "type": "gamesbadge",
    "property": "gamesPlayed",
    "value": 200,
    "text": "200 games played!"
  },
  {
    "type": "gamesbadge",
    "property": "gamesPlayed",
    "value": 300,
    "text": "300 games played!"
  },
  {
    "type": "gamesbadge",
    "property": "gamesPlayed",
    "value": 500,
    "text": "500 games played!"
  },
  {
    "type": "timebadge",
    "property": "timer",
    "value": 60000,
    "text": "1 min game!"
  },
  {
    "type": "timebadge",
    "property": "timer",
    "value": 120000,
    "text": "2 min game!"
  },
  {
    "type": "timebadge",
    "property": "timer",
    "value": 300000,
    "text": "5 min game!"
  },
  {
    "type": "timebadge",
    "property": "timer",
    "value": 600000,
    "text": "10 min game!"
  },
  {
    "type": "timebadge",
    "property": "timer",
    "value": 600000,
    "text": "15 min game!"
  },
  {
    "type": "timebadge",
    "property": "timer",
    "value": 1200000,
    "text": "20 min game!"
  },
  {
    "type": "timebadge",
    "property": "timer",
    "value": 1800000,
    "text": "30 min game!"
  },
  {
    "type": "timebadge",
    "property": "timer",
    "value": 3600000,
    "text": "1 h game!"
  },
  {
    "type": "timebadge",
    "property": "timer",
    "value": 7200000,
    "text": "2 h game!"
  },
  {
    "type": "timebadge",
    "property": "totalTime",
    "value": 600000,
    "text": "10 min total played!"
  },
  {
    "type": "timebadge",
    "property": "totalTime",
    "value": 1200000,
    "text": "20 min total played!"
  },
  {
    "type": "timebadge",
    "property": "totalTime",
    "value": 1800000,
    "text": "30 min total played!"
  },
  {
    "type": "timebadge",
    "property": "totalTime",
    "value": 3600000,
    "text": "1 h total played!"
  },
  {
    "type": "timebadge",
    "property": "totalTime",
    "value": 18000000,
    "text": "5 h total played!"
  },
  {
    "type": "timebadge",
    "property": "totalTime",
    "value": 36000000,
    "text": "10 h total played!"
  },
  {
    "type": "timebadge",
    "property": "totalTime",
    "value": 180000000,
    "text": "50 h total played!"
  },
  {
    "type": "platformbadge",
    "property": "lastPlatforms",
    "value": 50,
    "text": "50 jumps in game!"
  },
  {
    "type": "platformbadge",
    "property": "lastPlatforms",
    "value": 100,
    "text": "100 jumps in game!"
  },
  {
    "type": "platformbadge",
    "property": "lastPlatforms",
    "value": 500,
    "text": "500 jumps in game!"
  },
  {
    "type": "platformbadge",
    "property": "lastPlatforms",
    "value": 1000,
    "text": "1k jumps in game!"
  },
  {
    "type": "platformbadge",
    "property": "lastPlatforms",
    "value": 10000,
    "text": "10k jumps in game!"
  },
  {
    "type": "platformbadge",
    "property": "totalPlatforms",
    "value": 1000,
    "text": "1k total jumps!"
  },
  {
    "type": "platformbadge",
    "property": "totalPlatforms",
    "value": 2000,
    "text": "2k total jumps!"
  },
  {
    "type": "platformbadge",
    "property": "totalPlatforms",
    "value": 5000,
    "text": "5k total jumps!"
  },
  {
    "type": "platformbadge",
    "property": "totalPlatforms",
    "value": 10000,
    "text": "10k total jumps!"
  },
  {
    "type": "platformbadge",
    "property": "totalPlatforms",
    "value": 30000,
    "text": "30k total jumps!"
  },
  {
    "type": "platformbadge",
    "property": "totalPlatforms",
    "value": 50000,
    "text": "50k total jumps!"
  },
  {
    "type": "springbadge",
    "property": "lastSprings",
    "value": 20,
    "text": "20 springs in game!"
  },
  {
    "type": "springbadge",
    "property": "lastSprings",
    "value": 40,
    "text": "40 springs in game!"
  },
  {
    "type": "springbadge",
    "property": "lastSprings",
    "value": 70,
    "text": "70 springs in game!"
  },
  {
    "type": "springbadge",
    "property": "lastSprings",
    "value": 100,
    "text": "100 springs in game!"
  },
  {
    "type": "springbadge",
    "property": "lastSprings",
    "value": 150,
    "text": "150 springs in game!"
  },
  {
    "type": "springbadge",
    "property": "lastSprings",
    "value": 250,
    "text": "250 springs in game!"
  },
  {
    "type": "springbadge",
    "property": "lastSprings",
    "value": 500,
    "text": "500 springs in game!"
  },
  {
    "type": "springbadge",
    "property": "lastSprings",
    "value": 1000,
    "text": "1k springs in game!"
  },
  {
    "type": "springbadge",
    "property": "totalSprings",
    "value": 50,
    "text": "Total 50 springs jumped!"
  },
  {
    "type": "springbadge",
    "property": "totalSprings",
    "value": 100,
    "text": "Total 100 springs jumped!"
  },
  {
    "type": "springbadge",
    "property": "totalSprings",
    "value": 200,
    "text": "Total 200 springs jumped!"
  },
  {
    "type": "springbadge",
    "property": "totalSprings",
    "value": 500,
    "text": "Total 500 springs jumped!"
  },
  {
    "type": "springbadge",
    "property": "totalSprings",
    "value": 1000,
    "text": "Total 1k springs jumped!"
  },
  {
    "type": "springbadge",
    "property": "totalSprings",
    "value": 5000,
    "text": "Total 5k springs jumped!"
  },
  {
    "type": "springbadge",
    "property": "totalSprings",
    "value": 10000,
    "text": "Total 10k springs jumped!"
  },
  {
    "type": "springbadge",
    "property": "springStreak",
    "value": 2,
    "text": "2 Springs streak"
  },
  {
    "type": "springbadge",
    "property": "springStreak",
    "value": 3,
    "text": "3 Springs streak"
  },
  {
    "type": "springbadge",
    "property": "springStreak",
    "value": 4,
    "text": "4 Springs streak"
  },
  {
    "type": "springbadge",
    "property": "springStreak",
    "value": 5,
    "text": "5 Springs streak"
  },
  {
    "type": "springbadge",
    "property": "springStreak",
    "value": 10,
    "text": "10 Springs streak"
  }
]