[
  {
    "name": "First steps",
    "platforms": {
      "onebounce": 20,
      "moving": 20
    },
    "platformMovingSpeed": 1,
    "bg": {
      "y": -1978,
      "height": 2778,
      "distance": 2
    },
    "points": 5000,
    "rarity": 5
  },
  {
    "name": "Climbing the trees",
    "platforms": {
      "onebounce": 8,
      "moving": 5
    },
    "platformMovingSpeed": 1.5,
    "bg": {
      "y": -4811,
      "height": 3333,
      "distance": 3.8
    },
    "points": 15000,
    "rarity": 7
  },
  {
    "name": "Snowy mountains",
    "platforms": {
      "onebounce": 3,
      "moving": 3
    },
    "platformMovingSpeed": 2.3,
    "bg": {
      "y": -6566,
      "height": 2056,
      "distance": 8.8
    },
    "points": 30000,
    "rarity": 9
  },
  {
    "name": "Cloudy",
    "platforms": {
      "onebounce": 3,
      "moving": 2
    },
    "platformMovingSpeed": 3.3,
    "bg": {
      "y": -10800,
      "height": 5000,
      "distance": 9.2
    },
    "points": 70000,
    "rarity": 9
  },
  {
    "name": "Stars",
    "platforms": {
      "onebounce": 2.5,
      "moving": 1.2
    },
    "platformMovingSpeed": 4.5,
    "bg": {
      "y": -15700,
      "height": 5000,
      "distance": 16
    },
    "points": 150000,
    "rarity": 9
  },
  {
    "name": "To the moon!",
    "platforms": {
      "onebounce": 2,
      "moving": 1
    },
    "platformMovingSpeed": 6,
    "bg": {
      "y": -20700,
      "height": 5000,
      "distance": 76850
    },
    "points": 384400000,
    "rarity": 9
  }
]